owner,address,zip,source,doc_type,filing_date,case_number,adjudged_value,minimum_bid,tax_years,sale_status,score,signals
,"Adjudged Value: $128,952.00 Minimum Bid: $28,893.60",,Harris Co. Tax Sale,TAX_DELINQUENT,,201835374,,,,,30,tax_delinquency
,,,Harris Co. Tax Sale,TAX_DELINQUENT,,201835374,"$128,952.00","$28,893.60",2015 - 2024,,30,tax_delinquency
,"Adjudged Value: $30,956.00 Minimum Bid: $23,012.77",,Harris Co. Tax Sale,TAX_DELINQUENT,,201939474,,,,,30,tax_delinquency
,,,Harris Co. Tax Sale,TAX_DELINQUENT,,201939474,"$30,956.00","$23,012.77",2004 - 2024,,30,tax_delinquency
,"Adjudged Value: $95,001.00 Minimum Bid: $10,224.93",,Harris Co. Tax Sale,TAX_DELINQUENT,,202015205,,,,,30,tax_delinquency
,,,Harris Co. Tax Sale,TAX_DELINQUENT,,202015205,"$95,001.00","$10,224.93",2022 - 2024,,30,tax_delinquency
,"Adjudged Value: $132,358.00 Minimum Bid: $26,631.47",,Harris Co. Tax Sale,TAX_DELINQUENT,,202143432,,,,,30,tax_delinquency
,,,Harris Co. Tax Sale,TAX_DELINQUENT,,202143432,"$132,358.00","$26,631.47",2019 - 2023,,30,tax_delinquency
,"Adjudged Value: $86,313.00 Minimum Bid: $20,162.87",,Harris Co. Tax Sale,TAX_DELINQUENT,,202156613,,,,,30,tax_delinquency
,,,Harris Co. Tax Sale,TAX_DELINQUENT,,202156613,"$86,313.00","$20,162.87",2019 - 2024,,30,tax_delinquency
,"Adjudged Value: $33,516.00 Minimum Bid: $33,516.00",,Harris Co. Tax Sale,TAX_DELINQUENT,,202230269,,,,,30,tax_delinquency
,,,Harris Co. Tax Sale,TAX_DELINQUENT,,202230269,"$33,516.00","$33,516.00",1993 - 2024,,30,tax_delinquency
,"Adjudged Value: $92,187.00 Minimum Bid: $33,826.97",,Harris Co. Tax Sale,TAX_DELINQUENT,,202281986,,,,,30,tax_delinquency
,,,Harris Co. Tax Sale,TAX_DELINQUENT,,202281986,"$92,187.00","$33,826.97",2020 - 2024,,30,tax_delinquency
,"Adjudged Value: $861,878.00 Minimum Bid: $72,621.15",,Harris Co. Tax Sale,TAX_DELINQUENT,,202303944,,,,,30,tax_delinquency
,,,Harris Co. Tax Sale,TAX_DELINQUENT,,202303944,"$861,878.00","$72,621.15",2020 - 2024,,30,tax_delinquency
,"Adjudged Value: $122,066.00 Minimum Bid: $9,649.46",,Harris Co. Tax Sale,TAX_DELINQUENT,,202330120,,,,,30,tax_delinquency
,,,Harris Co. Tax Sale,TAX_DELINQUENT,,202330120,"$122,066.00","$9,649.46",2023 - 2024,,30,tax_delinquency
,"Adjudged Value: $855,586.00 Minimum Bid: $27,528.77",,Harris Co. Tax Sale,TAX_DELINQUENT,,202419979,,,,,30,tax_delinquency
,,,Harris Co. Tax Sale,TAX_DELINQUENT,,202419979,"$855,586.00","$27,528.77",2023 - 2024,,30,tax_delinquency
,"Adjudged Value: $121,097.00 Minimum Bid: $4,915.15",,Harris Co. Tax Sale,TAX_DELINQUENT,,202453767,,,,,30,tax_delinquency
,,,Harris Co. Tax Sale,TAX_DELINQUENT,,202453767,"$121,097.00","$4,915.15",2024 - 2024,,30,tax_delinquency
,"Adjudged Value: $60,633.00 Minimum Bid: $3,172.42",,Harris Co. Tax Sale,TAX_DELINQUENT,,202462782,,,,,30,tax_delinquency
,,,Harris Co. Tax Sale,TAX_DELINQUENT,,202462782,"$60,633.00","$3,172.42",2024 - 2024,,30,tax_delinquency
,"Adjudged Value: $60,126.00 Minimum Bid: $3,156.34",,Harris Co. Tax Sale,TAX_DELINQUENT,,202462782,,,,,30,tax_delinquency
,,,Harris Co. Tax Sale,TAX_DELINQUENT,,202462782,"$60,126.00","$3,156.34",2024 - 2024,,30,tax_delinquency
,"Adjudged Value: $60,003.00 Minimum Bid: $3,152.44",,Harris Co. Tax Sale,TAX_DELINQUENT,,202462782,,,,,30,tax_delinquency
,,,Harris Co. Tax Sale,TAX_DELINQUENT,,202462782,"$60,003.00","$3,152.44",2024 - 2024,,30,tax_delinquency
,"Adjudged Value: $59,327.00 Minimum Bid: $3,131.00",,Harris Co. Tax Sale,TAX_DELINQUENT,,202462782,,,,,30,tax_delinquency
,,,Harris Co. Tax Sale,TAX_DELINQUENT,,202462782,"$59,327.00","$3,131.00",2024 - 2024,,30,tax_delinquency
,"Adjudged Value: $59,223.00 Minimum Bid: $3,127.66",,Harris Co. Tax Sale,TAX_DELINQUENT,,202462782,,,,,30,tax_delinquency
,,,Harris Co. Tax Sale,TAX_DELINQUENT,,202462782,"$59,223.00","$3,127.66",2024 - 2024,,30,tax_delinquency
,"Adjudged Value: $47,319.00 Minimum Bid: $37,405.60",,Harris Co. Tax Sale,TAX_DELINQUENT,,202505492,,,,,30,tax_delinquency
,,,Harris Co. Tax Sale,TAX_DELINQUENT,,202505492,"$47,319.00","$37,405.60",1978 - 2024,,30,tax_delinquency
,"Adjudged Value: $115,209.00 Minimum Bid: $10,302.03",,Harris Co. Tax Sale,TAX_DELINQUENT,,202514007,,,,,30,tax_delinquency
,,,Harris Co. Tax Sale,TAX_DELINQUENT,,202514007,"$115,209.00","$10,302.03",2022 - 2024,,30,tax_delinquency
,"Adjudged Value: $115,209.00 Minimum Bid: $10,302.03",,Harris Co. Tax Sale,TAX_DELINQUENT,,202514007,,,,,30,tax_delinquency
,,,Harris Co. Tax Sale,TAX_DELINQUENT,,202514007,"$115,209.00","$10,302.03",2022 - 2024,,30,tax_delinquency
,"Adjudged Value: $69,195.00 Minimum Bid: $7,767.23",,Harris Co. Tax Sale,TAX_DELINQUENT,,202546644,,,,,30,tax_delinquency
,,,Harris Co. Tax Sale,TAX_DELINQUENT,,202546644,"$69,195.00","$7,767.23",2022 - 2024,,30,tax_delinquency
,"Adjudged Value: $351,461.00 Minimum Bid: $6,117.23",,Harris Co. Tax Sale,TAX_DELINQUENT,,202052092,,,,,30,tax_delinquency
,,,Harris Co. Tax Sale,TAX_DELINQUENT,,202052092,"$351,461.00","$6,117.23",2020 - 2021,,30,tax_delinquency
,"Adjudged Value: $176,358.00 Minimum Bid: $8,225.39",,Harris Co. Tax Sale,TAX_DELINQUENT,,202515067,,,,,30,tax_delinquency
,,,Harris Co. Tax Sale,TAX_DELINQUENT,,202515067,"$176,358.00","$8,225.39",2021 - 2024,,30,tax_delinquency
,"Adjudged Value: $428,293.00 Minimum Bid: $23,812.80",,Harris Co. Tax Sale,TAX_DELINQUENT,,202515113,,,,,30,tax_delinquency
,,,Harris Co. Tax Sale,TAX_DELINQUENT,,202515113,"$428,293.00","$23,812.80",2023 - 2024,,30,tax_delinquency
,"Adjudged Value: $104,662.00 Minimum Bid: $29,000.00",,Harris Co. Tax Sale,TAX_DELINQUENT,,201729803,,,,,30,tax_delinquency
,,,Harris Co. Tax Sale,TAX_DELINQUENT,,201729803,"$104,662.00","$29,000.00",-,,30,tax_delinquency
,"Adjudged Value: $131,103.00 Minimum Bid: $42,963.86",,Harris Co. Tax Sale,TAX_DELINQUENT,,201856207,,,,,30,tax_delinquency
,,,Harris Co. Tax Sale,TAX_DELINQUENT,,201856207,"$131,103.00","$42,963.86",null - null,,30,tax_delinquency
,"Adjudged Value: $302,203.00 Minimum Bid: $95,955.55",,Harris Co. Tax Sale,TAX_DELINQUENT,,202134545,,,,,30,tax_delinquency
,,,Harris Co. Tax Sale,TAX_DELINQUENT,,202134545,"$302,203.00","$95,955.55",null - null,,30,tax_delinquency
,,,Harris Co. Tax Sale,TAX_DELINQUENT,,202134545,,,,,30,tax_delinquency
,,,Harris Co. Tax Sale,TAX_DELINQUENT,,202134545,,,null - null,,30,tax_delinquency
,"Adjudged Value: $211,669.00 Minimum Bid: $5,766.71",,Harris Co. Tax Sale,TAX_DELINQUENT,,202136694,,,,,30,tax_delinquency
,,,Harris Co. Tax Sale,TAX_DELINQUENT,,202136694,"$211,669.00","$5,766.71",null - null,,30,tax_delinquency
,"Adjudged Value: $112,392.00 Minimum Bid: $27,188.73",,Harris Co. Tax Sale,TAX_DELINQUENT,,202172903,,,,,30,tax_delinquency
,,,Harris Co. Tax Sale,TAX_DELINQUENT,,202172903,"$112,392.00","$27,188.73",null - null,,30,tax_delinquency
,"Adjudged Value: $181,380.00 Minimum Bid: $27,496.14",,Harris Co. Tax Sale,TAX_DELINQUENT,,202337336,,,,,30,tax_delinquency
,,,Harris Co. Tax Sale,TAX_DELINQUENT,,202337336,"$181,380.00","$27,496.14",null - null,,30,tax_delinquency
,"Adjudged Value: $773,725.00 Minimum Bid: $15,589.77",,Harris Co. Tax Sale,TAX_DELINQUENT,,202436922,,,,,30,tax_delinquency
,,,Harris Co. Tax Sale,TAX_DELINQUENT,,202436922,"$773,725.00","$15,589.77",null - null,,30,tax_delinquency
,"Adjudged Value: $202,274.00 Minimum Bid: $14,249.13",,Harris Co. Tax Sale,TAX_DELINQUENT,,202439277,,,,,30,tax_delinquency
,,,Harris Co. Tax Sale,TAX_DELINQUENT,,202439277,"$202,274.00","$14,249.13",null - null,,30,tax_delinquency
,"Adjudged Value: $126,623.00 Minimum Bid: $23,780.87",,Harris Co. Tax Sale,TAX_DELINQUENT,,202450824,,,,,30,tax_delinquency
,,,Harris Co. Tax Sale,TAX_DELINQUENT,,202450824,"$126,623.00","$23,780.87",null - null,,30,tax_delinquency
,"Adjudged Value: $157,256.00 Minimum Bid: $13,431.44",,Harris Co. Tax Sale,TAX_DELINQUENT,,202451077,,,,,30,tax_delinquency
,,,Harris Co. Tax Sale,TAX_DELINQUENT,,202451077,"$157,256.00","$13,431.44",null - null,,30,tax_delinquency
,"Adjudged Value: $309,497.00 Minimum Bid: $9,724.77",,Harris Co. Tax Sale,TAX_DELINQUENT,,202464912,,,,,30,tax_delinquency
,,,Harris Co. Tax Sale,TAX_DELINQUENT,,202464912,"$309,497.00","$9,724.77",null - null,,30,tax_delinquency
,,,Harris Co. Tax Sale,TAX_DELINQUENT,,202414903,,,,,30,tax_delinquency
,,,Harris Co. Tax Sale,TAX_DELINQUENT,,202414903,,,null - null,,30,tax_delinquency
,,,Harris Co. Tax Sale,TAX_DELINQUENT,,202127914,,,,,30,tax_delinquency
,,,Harris Co. Tax Sale,TAX_DELINQUENT,,202127914,,,null - null,,30,tax_delinquency
,,,Harris Co. Tax Sale,TAX_DELINQUENT,,202514980,,,,,30,tax_delinquency
,,,Harris Co. Tax Sale,TAX_DELINQUENT,,202514980,,,null - null,,30,tax_delinquency
,,,Harris Co. Tax Sale,TAX_DELINQUENT,,202514980,,,,,30,tax_delinquency
,,,Harris Co. Tax Sale,TAX_DELINQUENT,,202514980,,,null - null,,30,tax_delinquency
,"Adjudged Value: $97,400.00 Minimum Bid: $61,318.02",,Harris Co. Tax Sale,TAX_DELINQUENT,,202141171,,,,,30,tax_delinquency
,,,Harris Co. Tax Sale,TAX_DELINQUENT,,202141171,"$97,400.00","$61,318.02",2014 - 2024,,30,tax_delinquency
,"Adjudged Value: $264,425.00 Minimum Bid: $60,779.34",,Harris Co. Tax Sale,TAX_DELINQUENT,,202152099,,,,,30,tax_delinquency
,,,Harris Co. Tax Sale,TAX_DELINQUENT,,202152099,"$264,425.00","$60,779.34",2015 - 2024,,30,tax_delinquency
,"Adjudged Value: $173,233.00 Minimum Bid: $5,815.59",,Harris Co. Tax Sale,TAX_DELINQUENT,,202221831,,,,,30,tax_delinquency
,,,Harris Co. Tax Sale,TAX_DELINQUENT,,202221831,"$173,233.00","$5,815.59",2024 - 2024,,30,tax_delinquency
,"Adjudged Value: $9,975.00 Minimum Bid: $7,570.76",,Harris Co. Tax Sale,TAX_DELINQUENT,,202310585,,,,,30,tax_delinquency
,,,Harris Co. Tax Sale,TAX_DELINQUENT,,202310585,"$9,975.00","$7,570.76",2002 - 2024,,30,tax_delinquency
,"Adjudged Value: $37,821.00 Minimum Bid: $11,749.11",,Harris Co. Tax Sale,TAX_DELINQUENT,,202529450,,,,,30,tax_delinquency
,,,Harris Co. Tax Sale,TAX_DELINQUENT,,202529450,"$37,821.00","$11,749.11",2021 - 2024,,30,tax_delinquency
,"Adjudged Value: $124,824.00 Minimum Bid: $8,163.26",,Harris Co. Tax Sale,TAX_DELINQUENT,,202163461,,,,,30,tax_delinquency
,,,Harris Co. Tax Sale,TAX_DELINQUENT,,202163461,"$124,824.00","$8,163.26",2017 - 2024,,30,tax_delinquency
,"Adjudged Value: $399,541.00 Minimum Bid: $30,303.61",,Harris Co. Tax Sale,TAX_DELINQUENT,,202475092,,,,,30,tax_delinquency
,,,Harris Co. Tax Sale,TAX_DELINQUENT,,202475092,"$399,541.00","$30,303.61",2021 - 2024,,30,tax_delinquency
,"Adjudged Value: $226,576.00 Minimum Bid: $41,878.20",,Harris Co. Tax Sale,TAX_DELINQUENT,,202546740,,,,,30,tax_delinquency
,,,Harris Co. Tax Sale,TAX_DELINQUENT,,202546740,"$226,576.00","$41,878.20",2018 - 2024,,30,tax_delinquency
,,,Harris Co. Tax Sale,TAX_DELINQUENT,,202517131,,,,,30,tax_delinquency
,,,Harris Co. Tax Sale,TAX_DELINQUENT,,202517131,,,null - null,,30,tax_delinquency
,,,Harris Co. Tax Sale,TAX_DELINQUENT,,202264931,,,,,30,tax_delinquency
,,,Harris Co. Tax Sale,TAX_DELINQUENT,,202264931,,,null - null,,30,tax_delinquency
,,,Harris Co. Tax Sale,TAX_DELINQUENT,,202388764,,,,,30,tax_delinquency
,,,Harris Co. Tax Sale,TAX_DELINQUENT,,202388764,,,null - null,,30,tax_delinquency
,,,Harris Co. Tax Sale,TAX_DELINQUENT,,202401141,,,,,30,tax_delinquency
,,,Harris Co. Tax Sale,TAX_DELINQUENT,,202401141,,,null - null,,30,tax_delinquency
,,,Harris Co. Tax Sale,TAX_DELINQUENT,,202315059,,,,,30,tax_delinquency
,,,Harris Co. Tax Sale,TAX_DELINQUENT,,202315059,,,null - null,,30,tax_delinquency
,"Adjudged Value: $16,170.00 Minimum Bid: $7,417.09",,Harris Co. Tax Sale,TAX_DELINQUENT,,202049080,,,,,30,tax_delinquency
,,,Harris Co. Tax Sale,TAX_DELINQUENT,,202049080,"$16,170.00","$7,417.09",2016 - 2024,,30,tax_delinquency
,"Adjudged Value: $53,177.00 Minimum Bid: $26,362.27",,Harris Co. Tax Sale,TAX_DELINQUENT,,202216546,,,,,30,tax_delinquency
,,,Harris Co. Tax Sale,TAX_DELINQUENT,,202216546,"$53,177.00","$26,362.27",1996 - 2024,,30,tax_delinquency
,"Adjudged Value: $61,155.00 Minimum Bid: $12,619.00",,Harris Co. Tax Sale,TAX_DELINQUENT,,202274781,,,,,30,tax_delinquency
,,,Harris Co. Tax Sale,TAX_DELINQUENT,,202274781,"$61,155.00","$12,619.00",2017 - 2024,,30,tax_delinquency
,"Adjudged Value: $30,000.00 Minimum Bid: $30,000.00",,Harris Co. Tax Sale,TAX_DELINQUENT,,202305955,,,,,30,tax_delinquency
,,,Harris Co. Tax Sale,TAX_DELINQUENT,,202305955,"$30,000.00","$30,000.00",2000 - 2024,,30,tax_delinquency
,"Adjudged Value: $31,500.00 Minimum Bid: $31,500.00",,Harris Co. Tax Sale,TAX_DELINQUENT,,202354763,,,,,30,tax_delinquency
,,,Harris Co. Tax Sale,TAX_DELINQUENT,,202354763,"$31,500.00","$31,500.00",2000 - 2024,,30,tax_delinquency
,"Adjudged Value: $212,323.00 Minimum Bid: $7,792.12",,Harris Co. Tax Sale,TAX_DELINQUENT,,202387658,,,,,30,tax_delinquency
,,,Harris Co. Tax Sale,TAX_DELINQUENT,,202387658,"$212,323.00","$7,792.12",2022 - 2024,,30,tax_delinquency
,"Adjudged Value: $56,201.00 Minimum Bid: $2,147.56",,Harris Co. Tax Sale,TAX_DELINQUENT,,202405284,,,,,30,tax_delinquency
,,,Harris Co. Tax Sale,TAX_DELINQUENT,,202405284,"$56,201.00","$2,147.56",2019 - 2024,,30,tax_delinquency
,"Adjudged Value: $60,375.00 Minimum Bid: $3,519.31",,Harris Co. Tax Sale,TAX_DELINQUENT,,202405284,,,,,30,tax_delinquency
,,,Harris Co. Tax Sale,TAX_DELINQUENT,,202405284,"$60,375.00","$3,519.31",2019 - 2024,,30,tax_delinquency
,"Adjudged Value: $11,248.00 Minimum Bid: $5,618.11",,Harris Co. Tax Sale,TAX_DELINQUENT,,202437716,,,,,30,tax_delinquency
,,,Harris Co. Tax Sale,TAX_DELINQUENT,,202437716,"$11,248.00","$5,618.11",2004 - 2023,,30,tax_delinquency
,"Adjudged Value: $11,248.00 Minimum Bid: $5,618.11",,Harris Co. Tax Sale,TAX_DELINQUENT,,202437716,,,,,30,tax_delinquency
,,,Harris Co. Tax Sale,TAX_DELINQUENT,,202437716,"$11,248.00","$5,618.11",2004 - 2023,,30,tax_delinquency
,"Adjudged Value: $377,773.00 Minimum Bid: $38,296.46",,Harris Co. Tax Sale,TAX_DELINQUENT,,202477145,,,,,30,tax_delinquency
,,,Harris Co. Tax Sale,TAX_DELINQUENT,,202477145,"$377,773.00","$38,296.46",2022 - 2024,,30,tax_delinquency
,"Adjudged Value: $396,405.00 Minimum Bid: $2,224.63",,Harris Co. Tax Sale,TAX_DELINQUENT,,202513654,,,,,30,tax_delinquency
,,,Harris Co. Tax Sale,TAX_DELINQUENT,,202513654,"$396,405.00","$2,224.63",2023 - 2024,,30,tax_delinquency
,"Adjudged Value: $130,743.00 Minimum Bid: $15,065.52",,Harris Co. Tax Sale,TAX_DELINQUENT,,201620383,,,,,30,tax_delinquency
,,,Harris Co. Tax Sale,TAX_DELINQUENT,,201620383,"$130,743.00","$15,065.52",2014 - 2024,,30,tax_delinquency
,"Adjudged Value: $19,780.00 Minimum Bid: $7,223.56",,Harris Co. Tax Sale,TAX_DELINQUENT,,202331822,,,,,30,tax_delinquency
,,,Harris Co. Tax Sale,TAX_DELINQUENT,,202331822,"$19,780.00","$7,223.56",2017 - 2024,,30,tax_delinquency
,"Adjudged Value: $92,565.00 Minimum Bid: $35,830.11",,Harris Co. Tax Sale,TAX_DELINQUENT,,202331822,,,,,30,tax_delinquency
,,,Harris Co. Tax Sale,TAX_DELINQUENT,,202331822,"$92,565.00","$35,830.11",2020 - 2024,,30,tax_delinquency
,"Adjudged Value: $698,704.00 Minimum Bid: $12,358.44",,Harris Co. Tax Sale,TAX_DELINQUENT,,202382379,,,,,30,tax_delinquency
,,,Harris Co. Tax Sale,TAX_DELINQUENT,,202382379,"$698,704.00","$12,358.44",2022 - 2024,,30,tax_delinquency
,"Adjudged Value: $113,652.00 Minimum Bid: $19,923.03",,Harris Co. Tax Sale,TAX_DELINQUENT,,202385756,,,,,30,tax_delinquency
,,,Harris Co. Tax Sale,TAX_DELINQUENT,,202385756,"$113,652.00","$19,923.03",2019 - 2024,,30,tax_delinquency
,"Adjudged Value: $181,229.00 Minimum Bid: $12,176.40",,Harris Co. Tax Sale,TAX_DELINQUENT,,202476753,,,,,30,tax_delinquency
,,,Harris Co. Tax Sale,TAX_DELINQUENT,,202476753,"$181,229.00","$12,176.40",2022 - 2024,,30,tax_delinquency
,"Adjudged Value: $201,700.00 Minimum Bid: $15,619.17",,Harris Co. Tax Sale,TAX_DELINQUENT,,202541422,,,,,30,tax_delinquency
,,,Harris Co. Tax Sale,TAX_DELINQUENT,,202541422,"$201,700.00","$15,619.17",2023 - 2024,,30,tax_delinquency
,"Adjudged Value: $103,631.00 Minimum Bid: $24,914.58",,Harris Co. Tax Sale,TAX_DELINQUENT,,202204322,,,,,30,tax_delinquency
,,,Harris Co. Tax Sale,TAX_DELINQUENT,,202204322,"$103,631.00","$24,914.58",null - null,,30,tax_delinquency
,"Adjudged Value: $21,911.00 Minimum Bid: $1,830.00",,Harris Co. Tax Sale,TAX_DELINQUENT,,202382065,,,,,30,tax_delinquency
,,,Harris Co. Tax Sale,TAX_DELINQUENT,,202382065,"$21,911.00","$1,830.00",yyyy - yyyy,,30,tax_delinquency
,,,Harris Co. Tax Sale,TAX_DELINQUENT,,502168404,,,,,30,tax_delinquency
,,,Harris Co. Tax Sale,TAX_DELINQUENT,,502168404,,,null - null,,30,tax_delinquency
,,,Harris Co. Tax Sale,TAX_DELINQUENT,,202454235,,,,,30,tax_delinquency
,,,Harris Co. Tax Sale,TAX_DELINQUENT,,202454235,,,null - null,,30,tax_delinquency
,,,Harris Co. Tax Sale,TAX_DELINQUENT,,202419380,,,,,30,tax_delinquency
,,,Harris Co. Tax Sale,TAX_DELINQUENT,,202419380,,,null - null,,30,tax_delinquency
,,,Harris Co. Tax Sale,TAX_DELINQUENT,,202478862,,,,,30,tax_delinquency
,,,Harris Co. Tax Sale,TAX_DELINQUENT,,202478862,,,null - null,,30,tax_delinquency
,,,Harris Co. Tax Sale,TAX_DELINQUENT,,202378748,,,,,30,tax_delinquency
,,,Harris Co. Tax Sale,TAX_DELINQUENT,,202378748,,,null - null,,30,tax_delinquency
,,,Harris Co. Tax Sale,TAX_DELINQUENT,,202383375,,,,,30,tax_delinquency
,,,Harris Co. Tax Sale,TAX_DELINQUENT,,202383375,,,null - null,,30,tax_delinquency
,,,Harris Co. Tax Sale,TAX_DELINQUENT,,202525599,,,,,30,tax_delinquency
,,,Harris Co. Tax Sale,TAX_DELINQUENT,,202525599,,,null - null,,30,tax_delinquency
,"Adjudged Value: $248,647.00 Minimum Bid: $15,500.96",,Harris Co. Tax Sale,TAX_DELINQUENT,,202347908,,,,,30,tax_delinquency
,,,Harris Co. Tax Sale,TAX_DELINQUENT,,202347908,"$248,647.00","$15,500.96",-,,30,tax_delinquency
,"Adjudged Value: $268,509.00 Minimum Bid: $11,342.97",,Harris Co. Tax Sale,TAX_DELINQUENT,,202388180,,,,,30,tax_delinquency
,,,Harris Co. Tax Sale,TAX_DELINQUENT,,202388180,"$268,509.00","$11,342.97",-,,30,tax_delinquency
,"Adjudged Value: $1,437,808.00 Minimum Bid: $13,187.05",,Harris Co. Tax Sale,TAX_DELINQUENT,,202277912,,,,,30,tax_delinquency
,,,Harris Co. Tax Sale,TAX_DELINQUENT,,202277912,"$1,437,808.00","$13,187.05",-,,30,tax_delinquency
,"Adjudged Value: $53,486.00 Minimum Bid: $1,973.20",,Harris Co. Tax Sale,TAX_DELINQUENT,,202336401,,,,,30,tax_delinquency
,,,Harris Co. Tax Sale,TAX_DELINQUENT,,202336401,"$53,486.00","$1,973.20",2023 - 2023,,30,tax_delinquency
,"Adjudged Value: $324,707.00 Minimum Bid: $9,033.21",,Harris Co. Tax Sale,TAX_DELINQUENT,,202373203,,,,,30,tax_delinquency
,,,Harris Co. Tax Sale,TAX_DELINQUENT,,202373203,"$324,707.00","$9,033.21",2023 - 2024,,30,tax_delinquency
,"Adjudged Value: $189,394.00 Minimum Bid: $7,713.90",,Harris Co. Tax Sale,TAX_DELINQUENT,,202417699,,,,,30,tax_delinquency
,,,Harris Co. Tax Sale,TAX_DELINQUENT,,202417699,"$189,394.00","$7,713.90",2023 - 2024,,30,tax_delinquency
,"Adjudged Value: $365,225.00 Minimum Bid: $5,669.93",,Harris Co. Tax Sale,TAX_DELINQUENT,,202474170,,,,,30,tax_delinquency
,,,Harris Co. Tax Sale,TAX_DELINQUENT,,202474170,"$365,225.00","$5,669.93",2024 - 2024,,30,tax_delinquency
,"Adjudged Value: $282,460.00 Minimum Bid: $11,434.90",,Harris Co. Tax Sale,TAX_DELINQUENT,,202529073,,,,,30,tax_delinquency
,,,Harris Co. Tax Sale,TAX_DELINQUENT,,202529073,"$282,460.00","$11,434.90",2023 - 2023,,30,tax_delinquency
,"Adjudged Value: $339,078.00 Minimum Bid: $16,122.70",,Harris Co. Tax Sale,TAX_DELINQUENT,,202535208,,,,,30,tax_delinquency
,,,Harris Co. Tax Sale,TAX_DELINQUENT,,202535208,"$339,078.00","$16,122.70",2023 - 2024,,30,tax_delinquency
,"Adjudged Value: $225,700.00 Minimum Bid: $11,596.30",,Harris Co. Tax Sale,TAX_DELINQUENT,,202554134,,,,,30,tax_delinquency
,,,Harris Co. Tax Sale,TAX_DELINQUENT,,202554134,"$225,700.00","$11,596.30",2023 - 2024,,30,tax_delinquency
,"Adjudged Value: $193,229.00 Minimum Bid: $3,446.49",,Harris Co. Tax Sale,TAX_DELINQUENT,,201830991,,,,,30,tax_delinquency
,,,Harris Co. Tax Sale,TAX_DELINQUENT,,201830991,"$193,229.00","$3,446.49",2017 - 2017,,30,tax_delinquency
,"Adjudged Value: $290,436.00 Minimum Bid: $30,559.65",,Harris Co. Tax Sale,TAX_DELINQUENT,,202332274,,,,,30,tax_delinquency
,,,Harris Co. Tax Sale,TAX_DELINQUENT,,202332274,"$290,436.00","$30,559.65",2022 - 2024,,30,tax_delinquency
,"Adjudged Value: $300,185.00 Minimum Bid: $38,540.21",,Harris Co. Tax Sale,TAX_DELINQUENT,,202444383,,,,,30,tax_delinquency
,,,Harris Co. Tax Sale,TAX_DELINQUENT,,202444383,"$300,185.00","$38,540.21",2022 - 2024,,30,tax_delinquency
,"Adjudged Value: $231,737.00 Minimum Bid: $48,762.61",,Harris Co. Tax Sale,TAX_DELINQUENT,,202529157,,,,,30,tax_delinquency
,,,Harris Co. Tax Sale,TAX_DELINQUENT,,202529157,"$231,737.00","$48,762.61",2020 - 2024,,30,tax_delinquency
,"Adjudged Value: $210,291.00 Minimum Bid: $11,332.59",,Harris Co. Tax Sale,TAX_DELINQUENT,,202064349,,,,,30,tax_delinquency
,,,Harris Co. Tax Sale,TAX_DELINQUENT,,202064349,"$210,291.00","$11,332.59",null - null,,30,tax_delinquency
,"Adjudged Value: $169,349.00 Minimum Bid: $7,099.68",,Harris Co. Tax Sale,TAX_DELINQUENT,,202317201,,,,,30,tax_delinquency
,,,Harris Co. Tax Sale,TAX_DELINQUENT,,202317201,"$169,349.00","$7,099.68",null - null,,30,tax_delinquency
,"Adjudged Value: $228,412.00 Minimum Bid: $12,698.44",,Harris Co. Tax Sale,TAX_DELINQUENT,,202330127,,,,,30,tax_delinquency
,,,Harris Co. Tax Sale,TAX_DELINQUENT,,202330127,"$228,412.00","$12,698.44",null - null,,30,tax_delinquency
,"Adjudged Value: $328,609.00 Minimum Bid: $20,293.79",,Harris Co. Tax Sale,TAX_DELINQUENT,,202369087,,,,,30,tax_delinquency
,,,Harris Co. Tax Sale,TAX_DELINQUENT,,202369087,"$328,609.00","$20,293.79",null - null,,30,tax_delinquency
,"Adjudged Value: $141,940.00 Minimum Bid: $18,904.30",,Harris Co. Tax Sale,TAX_DELINQUENT,,202439335,,,,,30,tax_delinquency
,,,Harris Co. Tax Sale,TAX_DELINQUENT,,202439335,"$141,940.00","$18,904.30",null - null,,30,tax_delinquency
,"Adjudged Value: $33,446.00 Minimum Bid: $3,045.02",,Harris Co. Tax Sale,TAX_DELINQUENT,,202474177,,,,,30,tax_delinquency
,,,Harris Co. Tax Sale,TAX_DELINQUENT,,202474177,"$33,446.00","$3,045.02",null - null,,30,tax_delinquency
,"Adjudged Value: $210,982.00 Minimum Bid: $554.53",,Harris Co. Tax Sale,TAX_DELINQUENT,,202576617,,,,,30,tax_delinquency
,,,Harris Co. Tax Sale,TAX_DELINQUENT,,202576617,"$210,982.00",$554.53,null - null,,30,tax_delinquency
,"Adjudged Value: $257,777.00 Minimum Bid: $587.81",,Harris Co. Tax Sale,TAX_DELINQUENT,,1189846702,,,,,30,tax_delinquency
,,,Harris Co. Tax Sale,TAX_DELINQUENT,,1189846702,"$257,777.00",$587.81,null - null,,30,tax_delinquency
,"Adjudged Value: $480,190.00 Minimum Bid: $864.50",,Harris Co. Tax Sale,TAX_DELINQUENT,,201954929,,,,,30,tax_delinquency
,,,Harris Co. Tax Sale,TAX_DELINQUENT,,201954929,"$480,190.00",$864.50,null - null,,30,tax_delinquency
,"Adjudged Value: $262,994.00 Minimum Bid: $6,448.43",,Harris Co. Tax Sale,TAX_DELINQUENT,,202174570,,,,,30,tax_delinquency
,,,Harris Co. Tax Sale,TAX_DELINQUENT,,202174570,"$262,994.00","$6,448.43",null - null,,30,tax_delinquency
,"Adjudged Value: $434,841.00 Minimum Bid: $977.79",,Harris Co. Tax Sale,TAX_DELINQUENT,,202265299,,,,,30,tax_delinquency
,,,Harris Co. Tax Sale,TAX_DELINQUENT,,202265299,"$434,841.00",$977.79,null - null,,30,tax_delinquency
,"Adjudged Value: $245,661.00 Minimum Bid: $554.53",,Harris Co. Tax Sale,TAX_DELINQUENT,,202332865,,,,,30,tax_delinquency
,,,Harris Co. Tax Sale,TAX_DELINQUENT,,202332865,"$245,661.00",$554.53,null - null,,30,tax_delinquency
,"Adjudged Value: $291,588.00 Minimum Bid: $1,049.05",,Harris Co. Tax Sale,TAX_DELINQUENT,,202342693,,,,,30,tax_delinquency
,,,Harris Co. Tax Sale,TAX_DELINQUENT,,202342693,"$291,588.00","$1,049.05",null - null,,30,tax_delinquency
,"Adjudged Value: $223,155.00 Minimum Bid: $6,350.33",,Harris Co. Tax Sale,TAX_DELINQUENT,,202423196,,,,,30,tax_delinquency
,,,Harris Co. Tax Sale,TAX_DELINQUENT,,202423196,"$223,155.00","$6,350.33",null - null,,30,tax_delinquency
,"Adjudged Value: $401,515.00 Minimum Bid: $12,144.51",,Harris Co. Tax Sale,TAX_DELINQUENT,,202426990,,,,,30,tax_delinquency
,,,Harris Co. Tax Sale,TAX_DELINQUENT,,202426990,"$401,515.00","$12,144.51",null - null,,30,tax_delinquency
,"Adjudged Value: $304,936.00 Minimum Bid: $6,611.74",,Harris Co. Tax Sale,TAX_DELINQUENT,,202431643,,,,,30,tax_delinquency
,,,Harris Co. Tax Sale,TAX_DELINQUENT,,202431643,"$304,936.00","$6,611.74",null - null,,30,tax_delinquency
,"Adjudged Value: $261,085.00 Minimum Bid: $8,378.26",,Harris Co. Tax Sale,TAX_DELINQUENT,,202465300,,,,,30,tax_delinquency
,,,Harris Co. Tax Sale,TAX_DELINQUENT,,202465300,"$261,085.00","$8,378.26",null - null,,30,tax_delinquency
,"Adjudged Value: $793,624.00 Minimum Bid: $12,819.70",,Harris Co. Tax Sale,TAX_DELINQUENT,,202468449,,,,,30,tax_delinquency
,,,Harris Co. Tax Sale,TAX_DELINQUENT,,202468449,"$793,624.00","$12,819.70",null - null,,30,tax_delinquency
,"Adjudged Value: $316,099.00 Minimum Bid: $8,929.88",,Harris Co. Tax Sale,TAX_DELINQUENT,,202468552,,,,,30,tax_delinquency
,,,Harris Co. Tax Sale,TAX_DELINQUENT,,202468552,"$316,099.00","$8,929.88",null - null,,30,tax_delinquency
,"Adjudged Value: $446,007.00 Minimum Bid: $19,830.40",,Harris Co. Tax Sale,TAX_DELINQUENT,,202471907,,,,,30,tax_delinquency
,,,Harris Co. Tax Sale,TAX_DELINQUENT,,202471907,"$446,007.00","$19,830.40",null - null,,30,tax_delinquency
,"Adjudged Value: $438,905.00 Minimum Bid: $13,436.54",,Harris Co. Tax Sale,TAX_DELINQUENT,,202477747,,,,,30,tax_delinquency
,,,Harris Co. Tax Sale,TAX_DELINQUENT,,202477747,"$438,905.00","$13,436.54",null - null,,30,tax_delinquency
,"Adjudged Value: $465,350.00 Minimum Bid: $10,663.13",,Harris Co. Tax Sale,TAX_DELINQUENT,,202479818,,,,,30,tax_delinquency
,,,Harris Co. Tax Sale,TAX_DELINQUENT,,202479818,"$465,350.00","$10,663.13",null - null,,30,tax_delinquency
,"Adjudged Value: $331,550.00 Minimum Bid: $953.42",,Harris Co. Tax Sale,TAX_DELINQUENT,,202486045,,,,,30,tax_delinquency
,,,Harris Co. Tax Sale,TAX_DELINQUENT,,202486045,"$331,550.00",$953.42,null - null,,30,tax_delinquency
,"Adjudged Value: $246,667.00 Minimum Bid: $7,987.55",,Harris Co. Tax Sale,TAX_DELINQUENT,,202490091,,,,,30,tax_delinquency
,,,Harris Co. Tax Sale,TAX_DELINQUENT,,202490091,"$246,667.00","$7,987.55",null - null,,30,tax_delinquency
,"Adjudged Value: $225,720.00 Minimum Bid: $554.53",,Harris Co. Tax Sale,TAX_DELINQUENT,,202500005,,,,,30,tax_delinquency
,,,Harris Co. Tax Sale,TAX_DELINQUENT,,202500005,"$225,720.00",$554.53,null - null,,30,tax_delinquency
,"Adjudged Value: $432,902.00 Minimum Bid: $9,881.51",,Harris Co. Tax Sale,TAX_DELINQUENT,,202504079,,,,,30,tax_delinquency
,,,Harris Co. Tax Sale,TAX_DELINQUENT,,202504079,"$432,902.00","$9,881.51",null - null,,30,tax_delinquency
,"Adjudged Value: $317,016.00 Minimum Bid: $564.46",,Harris Co. Tax Sale,TAX_DELINQUENT,,202505081,,,,,30,tax_delinquency
,,,Harris Co. Tax Sale,TAX_DELINQUENT,,202505081,"$317,016.00",$564.46,null - null,,30,tax_delinquency
,"Adjudged Value: $283,149.00 Minimum Bid: $554.53",,Harris Co. Tax Sale,TAX_DELINQUENT,,202506446,,,,,30,tax_delinquency
,,,Harris Co. Tax Sale,TAX_DELINQUENT,,202506446,"$283,149.00",$554.53,null - null,,30,tax_delinquency
,"Adjudged Value: $221,192.00 Minimum Bid: $935.17",,Harris Co. Tax Sale,TAX_DELINQUENT,,202511806,,,,,30,tax_delinquency
,,,Harris Co. Tax Sale,TAX_DELINQUENT,,202511806,"$221,192.00",$935.17,null - null,,30,tax_delinquency
,"Adjudged Value: $409,648.00 Minimum Bid: $7,215.80",,Harris Co. Tax Sale,TAX_DELINQUENT,,202513501,,,,,30,tax_delinquency
,,,Harris Co. Tax Sale,TAX_DELINQUENT,,202513501,"$409,648.00","$7,215.80",null - null,,30,tax_delinquency
,"Adjudged Value: $451,544.00 Minimum Bid: $3,828.19",,Harris Co. Tax Sale,TAX_DELINQUENT,,202514942,,,,,30,tax_delinquency
,,,Harris Co. Tax Sale,TAX_DELINQUENT,,202514942,"$451,544.00","$3,828.19",null - null,,30,tax_delinquency
,"Adjudged Value: $229,545.00 Minimum Bid: $8,037.80",,Harris Co. Tax Sale,TAX_DELINQUENT,,202521759,,,,,30,tax_delinquency
,,,Harris Co. Tax Sale,TAX_DELINQUENT,,202521759,"$229,545.00","$8,037.80",null - null,,30,tax_delinquency
,"Adjudged Value: $258,225.00 Minimum Bid: $10,320.61",,Harris Co. Tax Sale,TAX_DELINQUENT,,202528658,,,,,30,tax_delinquency
,,,Harris Co. Tax Sale,TAX_DELINQUENT,,202528658,"$258,225.00","$10,320.61",null - null,,30,tax_delinquency
,"Adjudged Value: $276,011.00 Minimum Bid: $8,516.78",,Harris Co. Tax Sale,TAX_DELINQUENT,,202531081,,,,,30,tax_delinquency
,,,Harris Co. Tax Sale,TAX_DELINQUENT,,202531081,"$276,011.00","$8,516.78",null - null,,30,tax_delinquency
,"Adjudged Value: $399,025.00 Minimum Bid: $564.46",,Harris Co. Tax Sale,TAX_DELINQUENT,,202534388,,,,,30,tax_delinquency
,,,Harris Co. Tax Sale,TAX_DELINQUENT,,202534388,"$399,025.00",$564.46,null - null,,30,tax_delinquency
,"Adjudged Value: $308,816.00 Minimum Bid: $594.26",,Harris Co. Tax Sale,TAX_DELINQUENT,,202542557,,,,,30,tax_delinquency
,,,Harris Co. Tax Sale,TAX_DELINQUENT,,202542557,"$308,816.00",$594.26,null - null,,30,tax_delinquency
,"Adjudged Value: $139,771.00 Minimum Bid: $43,548.77",,Harris Co. Tax Sale,TAX_DELINQUENT,,202176871,,,,,30,tax_delinquency
,,,Harris Co. Tax Sale,TAX_DELINQUENT,,202176871,"$139,771.00","$43,548.77",2016 - 2024,,30,tax_delinquency
,"Adjudged Value: $228,552.00 Minimum Bid: $7,200.24",,Harris Co. Tax Sale,TAX_DELINQUENT,,202216577,,,,,30,tax_delinquency
,,,Harris Co. Tax Sale,TAX_DELINQUENT,,202216577,"$228,552.00","$7,200.24",2020 - 2023,,30,tax_delinquency
,"Adjudged Value: $109,596.00 Minimum Bid: $7,843.33",,Harris Co. Tax Sale,TAX_DELINQUENT,,202312001,,,,,30,tax_delinquency
,,,Harris Co. Tax Sale,TAX_DELINQUENT,,202312001,"$109,596.00","$7,843.33",2020 - 2024,,30,tax_delinquency
,"Adjudged Value: $92,267.00 Minimum Bid: $38,320.02",,Harris Co. Tax Sale,TAX_DELINQUENT,,202505493,,,,,30,tax_delinquency
,,,Harris Co. Tax Sale,TAX_DELINQUENT,,202505493,"$92,267.00","$38,320.02",2006 - 2024,,30,tax_delinquency
,"Adjudged Value: $223,612.00 Minimum Bid: $5,877.38",,Harris Co. Tax Sale,TAX_DELINQUENT,,202510548,,,,,30,tax_delinquency
,,,Harris Co. Tax Sale,TAX_DELINQUENT,,202510548,"$223,612.00","$5,877.38",2023 - 2023,,30,tax_delinquency
,,,Harris Co. Tax Sale,TAX_DELINQUENT,,202454517,,,,,30,tax_delinquency
,,,Harris Co. Tax Sale,TAX_DELINQUENT,,202454517,,,null - null,,30,tax_delinquency
,"Adjudged Value: $236,238.00 Minimum Bid: $26,088.97",,Harris Co. Tax Sale,TAX_DELINQUENT,,201932506,,,,,30,tax_delinquency
,,,Harris Co. Tax Sale,TAX_DELINQUENT,,201932506,"$236,238.00","$26,088.97",2012 - 2023,,30,tax_delinquency
,"Adjudged Value: $239,162.00 Minimum Bid: $7,952.42",,Harris Co. Tax Sale,TAX_DELINQUENT,,202303571,,,,,30,tax_delinquency
,,,Harris Co. Tax Sale,TAX_DELINQUENT,,202303571,"$239,162.00","$7,952.42",2021 - 2024,,30,tax_delinquency
,"Adjudged Value: $134,291.00 Minimum Bid: $12,609.93",,Harris Co. Tax Sale,TAX_DELINQUENT,,202346288,,,,,30,tax_delinquency
,,,Harris Co. Tax Sale,TAX_DELINQUENT,,202346288,"$134,291.00","$12,609.93",2021 - 2024,,30,tax_delinquency
,"Adjudged Value: $160,595.00 Minimum Bid: $11,464.74",,Harris Co. Tax Sale,TAX_DELINQUENT,,202430756,,,,,30,tax_delinquency
,,,Harris Co. Tax Sale,TAX_DELINQUENT,,202430756,"$160,595.00","$11,464.74",2022 - 2024,,30,tax_delinquency
,"Adjudged Value: $230,456.00 Minimum Bid: $11,486.48",,Harris Co. Tax Sale,TAX_DELINQUENT,,202489721,,,,,30,tax_delinquency
,,,Harris Co. Tax Sale,TAX_DELINQUENT,,202489721,"$230,456.00","$11,486.48",2024 - 2024,,30,tax_delinquency
,"Adjudged Value: $93,231.00 Minimum Bid: $9,947.21",,Harris Co. Tax Sale,TAX_DELINQUENT,,202518249,,,,,30,tax_delinquency
,,,Harris Co. Tax Sale,TAX_DELINQUENT,,202518249,"$93,231.00","$9,947.21",2022 - 2024,,30,tax_delinquency
,"Adjudged Value: $265,008.00 Minimum Bid: $4,062.41",,Harris Co. Tax Sale,TAX_DELINQUENT,,202523485,,,,,30,tax_delinquency
,,,Harris Co. Tax Sale,TAX_DELINQUENT,,202523485,"$265,008.00","$4,062.41",2023 - 2024,,30,tax_delinquency
,"Adjudged Value: $243,568.00 Minimum Bid: $9,728.92",,Harris Co. Tax Sale,TAX_DELINQUENT,,202528017,,,,,30,tax_delinquency
,,,Harris Co. Tax Sale,TAX_DELINQUENT,,202528017,"$243,568.00","$9,728.92",2023 - 2024,,30,tax_delinquency
,"Adjudged Value: $238,671.00 Minimum Bid: $16,856.74",,Harris Co. Tax Sale,TAX_DELINQUENT,,202530546,,,,,30,tax_delinquency
,,,Harris Co. Tax Sale,TAX_DELINQUENT,,202530546,"$238,671.00","$16,856.74",2023 - 2024,,30,tax_delinquency
,,,Harris Co. Tax Sale,TAX_DELINQUENT,,1217466,,,,,30,tax_delinquency
,,,Harris Co. Tax Sale,TAX_DELINQUENT,,1217466,,,null - null,,30,tax_delinquency
,,,Harris Co. Tax Sale,TAX_DELINQUENT,,202214217,,,,,30,tax_delinquency
,,,Harris Co. Tax Sale,TAX_DELINQUENT,,202214217,,,null - null,,30,tax_delinquency
,,,Harris Co. Tax Sale,TAX_DELINQUENT,,202324625,,,,,30,tax_delinquency
,,,Harris Co. Tax Sale,TAX_DELINQUENT,,202324625,,,null - null,,30,tax_delinquency
,,,Harris Co. Tax Sale,TAX_DELINQUENT,,202336805,,,,,30,tax_delinquency
,,,Harris Co. Tax Sale,TAX_DELINQUENT,,202336805,,,null - null,,30,tax_delinquency
,,,Harris Co. Tax Sale,TAX_DELINQUENT,,202472090,,,,,30,tax_delinquency
,,,Harris Co. Tax Sale,TAX_DELINQUENT,,202472090,,,null - null,,30,tax_delinquency
,,,Harris Co. Tax Sale,TAX_DELINQUENT,,202503397,,,,,30,tax_delinquency
,,,Harris Co. Tax Sale,TAX_DELINQUENT,,202503397,,,null - null,,30,tax_delinquency
,,,Harris Co. Tax Sale,TAX_DELINQUENT,,202505599,,,,,30,tax_delinquency
,,,Harris Co. Tax Sale,TAX_DELINQUENT,,202505599,,,null - null,,30,tax_delinquency
,,,Harris Co. Tax Sale,TAX_DELINQUENT,,202522236,,,,,30,tax_delinquency
,,,Harris Co. Tax Sale,TAX_DELINQUENT,,202522236,,,null - null,,30,tax_delinquency
,,,Harris Co. Tax Sale,TAX_DELINQUENT,,202528082,,,,,30,tax_delinquency
,,,Harris Co. Tax Sale,TAX_DELINQUENT,,202528082,,,null - null,,30,tax_delinquency
,,,Harris Co. Tax Sale,TAX_DELINQUENT,,202535553,,,,,30,tax_delinquency
,,,Harris Co. Tax Sale,TAX_DELINQUENT,,202535553,,,null - null,,30,tax_delinquency
,,,Harris Co. Tax Sale,TAX_DELINQUENT,,DC2403574,,,,,30,tax_delinquency
,,,Harris Co. Tax Sale,TAX_DELINQUENT,,DC2403574,,,null - null,,30,tax_delinquency
,"Adjudged Value: $227,021.00 Minimum Bid: $58,560.51",,Harris Co. Tax Sale,TAX_DELINQUENT,,202052519,,,,,30,tax_delinquency
,,,Harris Co. Tax Sale,TAX_DELINQUENT,,202052519,"$227,021.00","$58,560.51",2014 - 2023,,30,tax_delinquency
,"Adjudged Value: $262,320.00 Minimum Bid: $149,457.64",,Harris Co. Tax Sale,TAX_DELINQUENT,,202170006,,,,,30,tax_delinquency
,,,Harris Co. Tax Sale,TAX_DELINQUENT,,202170006,"$262,320.00","$149,457.64",1995 - 2023,,30,tax_delinquency
,"Adjudged Value: $100,479.00 Minimum Bid: $47,019.67",,Harris Co. Tax Sale,TAX_DELINQUENT,,202277520,,,,,30,tax_delinquency
,,,Harris Co. Tax Sale,TAX_DELINQUENT,,202277520,"$100,479.00","$47,019.67",2021 - 2024,,30,tax_delinquency
,"Adjudged Value: $105,156.00 Minimum Bid: $41,627.10",,Harris Co. Tax Sale,TAX_DELINQUENT,,202405091,,,,,30,tax_delinquency
,,,Harris Co. Tax Sale,TAX_DELINQUENT,,202405091,"$105,156.00","$41,627.10",2014 - 2024,,30,tax_delinquency
,"Adjudged Value: $274,460.00 Minimum Bid: $7,499.16",,Harris Co. Tax Sale,TAX_DELINQUENT,,202536863,,,,,30,tax_delinquency
,,,Harris Co. Tax Sale,TAX_DELINQUENT,,202536863,"$274,460.00","$7,499.16",2023 - 2024,,30,tax_delinquency
,"Adjudged Value: $99,137.00 Minimum Bid: $15,000.00",,Harris Co. Tax Sale,TAX_DELINQUENT,,202440950,,,,,30,tax_delinquency
,,,Harris Co. Tax Sale,TAX_DELINQUENT,,202440950,"$99,137.00","$15,000.00",1986 - 2024,,30,tax_delinquency
,"Adjudged Value: $66,000.00 Minimum Bid: $10,000.00",,Harris Co. Tax Sale,TAX_DELINQUENT,,202489695,,,,,30,tax_delinquency
,,,Harris Co. Tax Sale,TAX_DELINQUENT,,202489695,"$66,000.00","$10,000.00",2018 - 2024,,30,tax_delinquency
,,,Harris Co. Tax Sale,TAX_DELINQUENT,,202404279,,,,,30,tax_delinquency
,,,Harris Co. Tax Sale,TAX_DELINQUENT,,202404279,,,null - null,,30,tax_delinquency
,"Adjudged Value: $140,301.00 Minimum Bid: $37,011.71",,Harris Co. Tax Sale,TAX_DELINQUENT,,201724745,,,,,30,tax_delinquency
,,,Harris Co. Tax Sale,TAX_DELINQUENT,,201724745,"$140,301.00","$37,011.71",2015 - 2023,,30,tax_delinquency
,"Adjudged Value: $96,852.00 Minimum Bid: $21,025.32",,Harris Co. Tax Sale,TAX_DELINQUENT,,201765545,,,,,30,tax_delinquency
,,,Harris Co. Tax Sale,TAX_DELINQUENT,,201765545,"$96,852.00","$21,025.32",2013 - 2018,,30,tax_delinquency
,"Adjudged Value: $121,312.00 Minimum Bid: $17,990.70",,Harris Co. Tax Sale,TAX_DELINQUENT,,202146298,,,,,30,tax_delinquency
,,,Harris Co. Tax Sale,TAX_DELINQUENT,,202146298,"$121,312.00","$17,990.70",2024 - 2024,,30,tax_delinquency
,"Adjudged Value: $133,150.00 Minimum Bid: $27,311.48",,Harris Co. Tax Sale,TAX_DELINQUENT,,202210094,,,,,30,tax_delinquency
,,,Harris Co. Tax Sale,TAX_DELINQUENT,,202210094,"$133,150.00","$27,311.48",2019 - 2024,,30,tax_delinquency
,"Adjudged Value: $148,446.00 Minimum Bid: $7,537.25",,Harris Co. Tax Sale,TAX_DELINQUENT,,202224373,,,,,30,tax_delinquency
,,,Harris Co. Tax Sale,TAX_DELINQUENT,,202224373,"$148,446.00","$7,537.25",2022 - 2022,,30,tax_delinquency
,"Adjudged Value: $150,000.00 Minimum Bid: $23,757.45",,Harris Co. Tax Sale,TAX_DELINQUENT,,202233464,,,,,30,tax_delinquency
,,,Harris Co. Tax Sale,TAX_DELINQUENT,,202233464,"$150,000.00","$23,757.45",2008 - 2024,,30,tax_delinquency
,"Adjudged Value: $62,780.00 Minimum Bid: $7,331.49",,Harris Co. Tax Sale,TAX_DELINQUENT,,202240130,,,,,30,tax_delinquency
,,,Harris Co. Tax Sale,TAX_DELINQUENT,,202240130,"$62,780.00","$7,331.49",2019 - 2023,,30,tax_delinquency
,"Adjudged Value: $123,392.00 Minimum Bid: $14,217.05",,Harris Co. Tax Sale,TAX_DELINQUENT,,202416985,,,,,30,tax_delinquency
,,,Harris Co. Tax Sale,TAX_DELINQUENT,,202416985,"$123,392.00","$14,217.05",2022 - 2024,,30,tax_delinquency
,"Adjudged Value: $111,129.00 Minimum Bid: $26,942.06",,Harris Co. Tax Sale,TAX_DELINQUENT,,202451281,,,,,30,tax_delinquency
,,,Harris Co. Tax Sale,TAX_DELINQUENT,,202451281,"$111,129.00","$26,942.06",2017 - 2024,,30,tax_delinquency
,"Adjudged Value: $224,149.00 Minimum Bid: $14,789.14",,Harris Co. Tax Sale,TAX_DELINQUENT,,202510526,,,,,30,tax_delinquency
,,,Harris Co. Tax Sale,TAX_DELINQUENT,,202510526,"$224,149.00","$14,789.14",2023 - 2024,,30,tax_delinquency
,"Adjudged Value: $144,375.00 Minimum Bid: $57,499.74",,Harris Co. Tax Sale,TAX_DELINQUENT,,202517796,,,,,30,tax_delinquency
,,,Harris Co. Tax Sale,TAX_DELINQUENT,,202517796,"$144,375.00","$57,499.74",1994 - 2024,,30,tax_delinquency
,"Adjudged Value: $119,203.00 Minimum Bid: $10,212.51",,Harris Co. Tax Sale,TAX_DELINQUENT,,202525743,,,,,30,tax_delinquency
,,,Harris Co. Tax Sale,TAX_DELINQUENT,,202525743,"$119,203.00","$10,212.51",2022 - 2024,,30,tax_delinquency
,"Adjudged Value: $170,501.00 Minimum Bid: $7,772.57",,Harris Co. Tax Sale,TAX_DELINQUENT,,202534850,,,,,30,tax_delinquency
,,,Harris Co. Tax Sale,TAX_DELINQUENT,,202534850,"$170,501.00","$7,772.57",2023 - 2024,,30,tax_delinquency
,"Adjudged Value: $35,257.00 Minimum Bid: $12,689.05",,Harris Co. Tax Sale,TAX_DELINQUENT,,202305393,,,,,30,tax_delinquency
,,,Harris Co. Tax Sale,TAX_DELINQUENT,,202305393,"$35,257.00","$12,689.05",2019 - 2024,,30,tax_delinquency
,"Adjudged Value: $34,079.00 Minimum Bid: $7,588.96",,Harris Co. Tax Sale,TAX_DELINQUENT,,202305393,,,,,30,tax_delinquency
,,,Harris Co. Tax Sale,TAX_DELINQUENT,,202305393,"$34,079.00","$7,588.96",2020 - 2024,,30,tax_delinquency
,"Adjudged Value: $80,579.00 Minimum Bid: $13,861.89",,Harris Co. Tax Sale,TAX_DELINQUENT,,202445083,,,,,30,tax_delinquency
,,,Harris Co. Tax Sale,TAX_DELINQUENT,,202445083,"$80,579.00","$13,861.89",2021 - 2024,,30,tax_delinquency
,"Adjudged Value: $234,474.00 Minimum Bid: $8,344.73",,Harris Co. Tax Sale,TAX_DELINQUENT,,202338073,,,,,30,tax_delinquency
,,,Harris Co. Tax Sale,TAX_DELINQUENT,,202338073,"$234,474.00","$8,344.73",null - null,,30,tax_delinquency
,"Adjudged Value: $255,525.00 Minimum Bid: $11,107.00",,Harris Co. Tax Sale,TAX_DELINQUENT,,202369555,,,,,30,tax_delinquency
,,,Harris Co. Tax Sale,TAX_DELINQUENT,,202369555,"$255,525.00","$11,107.00",null - null,,30,tax_delinquency
,"Adjudged Value: $102,297.00 Minimum Bid: $3,280.19",,Harris Co. Tax Sale,TAX_DELINQUENT,,201866182,,,,,30,tax_delinquency
,,,Harris Co. Tax Sale,TAX_DELINQUENT,,201866182,"$102,297.00","$3,280.19",2017 - 2019,,30,tax_delinquency
,"Adjudged Value: $131,503.00 Minimum Bid: $26,972.94",,Harris Co. Tax Sale,TAX_DELINQUENT,,202018736,,,,,30,tax_delinquency
,,,Harris Co. Tax Sale,TAX_DELINQUENT,,202018736,"$131,503.00","$26,972.94",2017 - 2020,,30,tax_delinquency
,"Adjudged Value: $151,339.00 Minimum Bid: $55,139.42",,Harris Co. Tax Sale,TAX_DELINQUENT,,202423360,,,,,30,tax_delinquency
,,,Harris Co. Tax Sale,TAX_DELINQUENT,,202423360,"$151,339.00","$55,139.42",2015 - 2024,,30,tax_delinquency
,"Adjudged Value: $274,183.00 Minimum Bid: $142,766.27",,Harris Co. Tax Sale,TAX_DELINQUENT,,202489642,,,,,30,tax_delinquency
,,,Harris Co. Tax Sale,TAX_DELINQUENT,,202489642,"$274,183.00","$142,766.27",2022 - 2024,,30,tax_delinquency
,"Adjudged Value: $232,501.00 Minimum Bid: $11,531.49",,Harris Co. Tax Sale,TAX_DELINQUENT,,202509083,,,,,30,tax_delinquency
,,,Harris Co. Tax Sale,TAX_DELINQUENT,,202509083,"$232,501.00","$11,531.49",2023 - 2024,,30,tax_delinquency
,"Adjudged Value: $407,577.00 Minimum Bid: $108,213.33",,Harris Co. Tax Sale,TAX_DELINQUENT,,202239102,,,,,30,tax_delinquency
,,,Harris Co. Tax Sale,TAX_DELINQUENT,,202239102,"$407,577.00","$108,213.33",2016 - 2020,,30,tax_delinquency
,"Adjudged Value: $163,917.00 Minimum Bid: $13,585.62",,Harris Co. Tax Sale,TAX_DELINQUENT,,202512065,,,,,30,tax_delinquency
,,,Harris Co. Tax Sale,TAX_DELINQUENT,,202512065,"$163,917.00","$13,585.62",2022 - 2024,,30,tax_delinquency
,"Adjudged Value: $786,665.00 Minimum Bid: $21,343.33",,Harris Co. Tax Sale,TAX_DELINQUENT,,202576751,,,,,30,tax_delinquency
,,,Harris Co. Tax Sale,TAX_DELINQUENT,,202576751,"$786,665.00","$21,343.33",2024 - 2024,,30,tax_delinquency
,,,Harris Co. Tax Sale,TAX_DELINQUENT,,202576751,,,,,30,tax_delinquency
,,,Harris Co. Tax Sale,TAX_DELINQUENT,,202576751,,,2024 - 2024,,30,tax_delinquency
,"Adjudged Value: $61,420.00 Minimum Bid: $20,590.27",,Harris Co. Tax Sale,TAX_DELINQUENT,,201866576,,,,,30,tax_delinquency
,,,Harris Co. Tax Sale,TAX_DELINQUENT,,201866576,"$61,420.00","$20,590.27",null - null,,30,tax_delinquency
,"Adjudged Value: $15,600.00 Minimum Bid: $15,600.00",,Harris Co. Tax Sale,TAX_DELINQUENT,,202262000,,,,,30,tax_delinquency
,,,Harris Co. Tax Sale,TAX_DELINQUENT,,202262000,"$15,600.00","$15,600.00",null - null,,30,tax_delinquency
,"Adjudged Value: $15,000.00 Minimum Bid: $15,000.00",,Harris Co. Tax Sale,TAX_DELINQUENT,,202262000,,,,,30,tax_delinquency
,,,Harris Co. Tax Sale,TAX_DELINQUENT,,202262000,"$15,000.00","$15,000.00",null - null,,30,tax_delinquency
,"Adjudged Value: $174,240.00 Minimum Bid: $62,878.53",,Harris Co. Tax Sale,TAX_DELINQUENT,,202206263,,,,,30,tax_delinquency
,,,Harris Co. Tax Sale,TAX_DELINQUENT,,202206263,"$174,240.00","$62,878.53",null - null,,30,tax_delinquency
,"Adjudged Value: $776,856.00 Minimum Bid: $508,727.48",,Harris Co. Tax Sale,TAX_DELINQUENT,,202262306,,,,,30,tax_delinquency
,,,Harris Co. Tax Sale,TAX_DELINQUENT,,202262306,"$776,856.00","$508,727.48",null - null,,30,tax_delinquency
,"Adjudged Value: $276,479.00 Minimum Bid: $15,000.00",,Harris Co. Tax Sale,TAX_DELINQUENT,,202131678,,,,,30,tax_delinquency
,,,Harris Co. Tax Sale,TAX_DELINQUENT,,202131678,"$276,479.00","$15,000.00",null - null,,30,tax_delinquency
,"Adjudged Value: $35,012.00 Minimum Bid: $7,000.00",,Harris Co. Tax Sale,TAX_DELINQUENT,,202211792,,,,,30,tax_delinquency
,,,Harris Co. Tax Sale,TAX_DELINQUENT,,202211792,"$35,012.00","$7,000.00",null - null,,30,tax_delinquency
,"Adjudged Value: $14,942.00 Minimum Bid: $5,000.00",,Harris Co. Tax Sale,TAX_DELINQUENT,,202225486,,,,,30,tax_delinquency
,,,Harris Co. Tax Sale,TAX_DELINQUENT,,202225486,"$14,942.00","$5,000.00",null - null,,30,tax_delinquency
,"Adjudged Value: $28,000.00 Minimum Bid: $5,000.00",,Harris Co. Tax Sale,TAX_DELINQUENT,,202246124,,,,,30,tax_delinquency
,,,Harris Co. Tax Sale,TAX_DELINQUENT,,202246124,"$28,000.00","$5,000.00",null - null,,30,tax_delinquency
,"Adjudged Value: $97,462.00 Minimum Bid: $8,000.00",,Harris Co. Tax Sale,TAX_DELINQUENT,,202381635,,,,,30,tax_delinquency
,,,Harris Co. Tax Sale,TAX_DELINQUENT,,202381635,"$97,462.00","$8,000.00",null - null,,30,tax_delinquency
,"Adjudged Value: $15,625.00 Minimum Bid: $4,000.00",,Harris Co. Tax Sale,TAX_DELINQUENT,,202413288,,,,,30,tax_delinquency
,,,Harris Co. Tax Sale,TAX_DELINQUENT,,202413288,"$15,625.00","$4,000.00",null - null,,30,tax_delinquency
,"Adjudged Value: $15,000.00 Minimum Bid: $5,000.00",,Harris Co. Tax Sale,TAX_DELINQUENT,,202237843,,,,,30,tax_delinquency
,,,Harris Co. Tax Sale,TAX_DELINQUENT,,202237843,"$15,000.00","$5,000.00",null - null,,30,tax_delinquency
,"Adjudged Value: $76,569.00 Minimum Bid: $12,000.00",,Harris Co. Tax Sale,TAX_DELINQUENT,,202211549,,,,,30,tax_delinquency
,,,Harris Co. Tax Sale,TAX_DELINQUENT,,202211549,"$76,569.00","$12,000.00",null - null,,30,tax_delinquency
,,,Harris Co. Tax Sale,TAX_DELINQUENT,,202409285,,,,,30,tax_delinquency
,,,Harris Co. Tax Sale,TAX_DELINQUENT,,202409285,,,null - null,,30,tax_delinquency
,,,Harris Co. Tax Sale,TAX_DELINQUENT,,200756064,,,,,30,tax_delinquency
,,,Harris Co. Tax Sale,TAX_DELINQUENT,,200756064,,,null - null,,30,tax_delinquency
,,,Harris Co. Tax Sale,TAX_DELINQUENT,,202535880,,,,,30,tax_delinquency
,,,Harris Co. Tax Sale,TAX_DELINQUENT,,202535880,,,null - null,,30,tax_delinquency
